ID,Source,Req. Timestamp,Method,URL,Code,Reason,RTT,Size Resp. Body,Highest Alert,Note,Tags
1,Proxy,Fri Sep 25 11:49:55 EDT 2026,GET,http://demo.testfire.net/,200,OK,630,9227,Medium,false,"Form, SetCookie, Comment"
12,Proxy,Fri Sep 25 11:50:00 EDT 2026,GET,http://demo.testfire.net/index.jsp?content=inside.htm,200,OK,289,8236,Medium,false,"Form, Comment"
14,Proxy,Fri Sep 25 11:50:05 EDT 2026,GET,http://demo.testfire.net/login.jsp,200,OK,273,8360,Medium,false,"Form, Password, Script, Comment"
26,Proxy,Fri Sep 25 11:50:22 EDT 2026,GET,http://demo.testfire.net/retirement.htm,200,OK,260,1081,Medium,false,
31,Proxy,Fri Sep 25 11:50:26 EDT 2026,GET,http://demo.testfire.net/index.jsp,200,OK,261,9227,Medium,false,"Form, Comment"
47,Proxy,Fri Sep 25 11:51:18 EDT 2026,GET,http://demo.testfire.net/feedback.jsp,200,OK,519,8351,Medium,false,"Form, Hidden, Comment"
73,Proxy,Fri Sep 25 11:51:50 EDT 2026,GET,http://demo.testfire.net/subscribe.jsp,200,OK,259,8358,Medium,false,"Form, Script, Comment"
3,Proxy,Fri Sep 25 11:49:56 EDT 2026,GET,http://demo.testfire.net/style.css,200,OK,568,1165,Low,false,
15,Proxy,Fri Sep 25 11:50:12 EDT 2026,GET,http://demo.testfire.net/index.jsp?content=personal_deposit.htm,200,OK,271,8018,,false,"Form, Comment"
17,Proxy,Fri Sep 25 11:50:14 EDT 2026,GET,http://demo.testfire.net/index.jsp?content=personal_checking.htm,200,OK,263,7924,,false,"Form, Comment"
19,Proxy,Fri Sep 25 11:50:16 EDT 2026,GET,http://demo.testfire.net/index.jsp?content=personal_loans.htm,200,OK,261,7666,,false,"Form, Comment"
21,Proxy,Fri Sep 25 11:50:17 EDT 2026,GET,http://demo.testfire.net/index.jsp?content=personal_cards.htm,200,OK,277,8029,,false,"Form, Comment"
23,Proxy,Fri Sep 25 11:50:20 EDT 2026,GET,http://demo.testfire.net/index.jsp?content=business_insurance.htm,200,OK,265,7582,,false,"Form, Comment"
25,Proxy,Fri Sep 25 11:50:22 EDT 2026,GET,http://demo.testfire.net/index.jsp?content=business_retirement.htm,200,OK,266,6820,,false,"Form, Comment"
27,Proxy,Fri Sep 25 11:50:23 EDT 2026,GET,http://demo.testfire.net/style.css,200,OK,265,1165,,false,
29,Proxy,Fri Sep 25 11:50:24 EDT 2026,GET,http://demo.testfire.net/index.jsp?content=inside_contact.htm,200,OK,270,9946,,false,"Form, Object, Comment"
32,Proxy,Fri Sep 25 11:50:34 EDT 2026,GET,http://demo.testfire.net/index.jsp?content=inside.htm,200,OK,524,8236,,false,"Form, Comment"
33,Proxy,Fri Sep 25 11:50:39 EDT 2026,GET,http://demo.testfire.net/index.jsp?content=personal_checking.htm,200,OK,524,7924,,false,"Form, Comment"
34,Proxy,Fri Sep 25 11:50:41 EDT 2026,GET,http://demo.testfire.net/index.jsp?content=personal_deposit.htm,200,OK,265,8018,,false,"Form, Comment"
35,Proxy,Fri Sep 25 11:50:43 EDT 2026,GET,http://demo.testfire.net/index.jsp?content=business_deposit.htm,200,OK,261,7718,,false,"Form, Comment"
37,Proxy,Fri Sep 25 11:50:44 EDT 2026,GET,http://demo.testfire.net/index.jsp?content=business_cards.htm,200,OK,271,7900,,false,"Form, Comment"
39,Proxy,Fri Sep 25 11:50:46 EDT 2026,GET,http://demo.testfire.net/index.jsp?content=business_insurance.htm,200,OK,268,7582,,false,"Form, Comment"
40,Proxy,Fri Sep 25 11:50:47 EDT 2026,GET,http://demo.testfire.net/login.jsp,200,OK,261,8360,,false,"Form, Password, Script, Comment"
41,Proxy,Fri Sep 25 11:50:50 EDT 2026,GET,http://demo.testfire.net/index.jsp?content=business.htm,200,OK,533,8351,,false,"Form, Comment"
43,Proxy,Fri Sep 25 11:50:52 EDT 2026,GET,http://demo.testfire.net/index.jsp?content=inside.htm,200,OK,269,8236,,false,"Form, Comment"
44,Proxy,Fri Sep 25 11:51:10 EDT 2026,GET,http://demo.testfire.net/index.jsp?content=personal_deposit.htm,200,OK,504,8018,,false,"Form, Comment"
45,Proxy,Fri Sep 25 11:51:12 EDT 2026,GET,http://demo.testfire.net/index.jsp?content=business_deposit.htm,200,OK,252,7718,,false,"Form, Comment"
46,Proxy,Fri Sep 25 11:51:14 EDT 2026,GET,http://demo.testfire.net/index.jsp?content=inside.htm,200,OK,260,8236,,false,"Form, Comment"
48,Proxy,Fri Sep 25 11:51:24 EDT 2026,GET,http://demo.testfire.net/search.jsp?query=hi,200,OK,275,6864,,false,"Form, Comment"
49,Proxy,Fri Sep 25 11:51:27 EDT 2026,GET,http://demo.testfire.net/index.jsp?content=personal_cards.htm,200,OK,263,8029,,false,"Form, Comment"
51,Proxy,Fri Sep 25 11:51:32 EDT 2026,GET,http://demo.testfire.net/index.jsp?content=inside_contact.htm,200,OK,270,9946,,false,"Form, Object, Comment"
52,Proxy,Fri Sep 25 11:51:34 EDT 2026,GET,http://demo.testfire.net/index.jsp?content=business_lending.htm,200,OK,511,7713,,false,"Form, Comment"
54,Proxy,Fri Sep 25 11:51:36 EDT 2026,GET,http://demo.testfire.net/index.jsp?content=business_cards.htm,200,OK,260,7900,,false,"Form, Comment"
55,Proxy,Fri Sep 25 11:51:38 EDT 2026,GET,http://demo.testfire.net/index.jsp?content=business_insurance.htm,200,OK,255,7582,,false,"Form, Comment"
57,Proxy,Fri Sep 25 11:51:39 EDT 2026,GET,http://demo.testfire.net/index.jsp?content=business_retirement.htm,200,OK,263,6820,,false,"Form, Comment"
58,Proxy,Fri Sep 25 11:51:39 EDT 2026,GET,http://demo.testfire.net/retirement.htm,200,OK,256,1081,,false,
60,Proxy,Fri Sep 25 11:51:40 EDT 2026,GET,http://demo.testfire.net/index.jsp?content=business_other.htm,200,OK,277,7563,,false,"Form, Comment"
62,Proxy,Fri Sep 25 11:51:41 EDT 2026,GET,http://demo.testfire.net/index.jsp?content=inside.htm,200,OK,272,8236,,false,"Form, Comment"
63,Proxy,Fri Sep 25 11:51:43 EDT 2026,GET,http://demo.testfire.net/index.jsp?content=inside_about.htm,200,OK,265,7790,,false,"Form, Comment"
65,Proxy,Fri Sep 25 11:51:44 EDT 2026,GET,http://demo.testfire.net/index.jsp?content=inside_contact.htm,200,OK,258,9946,,false,"Form, Object, Comment"
66,Proxy,Fri Sep 25 11:51:46 EDT 2026,GET,http://demo.testfire.net/cgi.exe,404,Not Found,265,6821,,false,"Form, Comment"
67,Proxy,Fri Sep 25 11:51:47 EDT 2026,GET,http://demo.testfire.net/index.jsp?content=inside_investor.htm,200,OK,257,8139,,false,"Form, Comment"
69,Proxy,Fri Sep 25 11:51:48 EDT 2026,GET,http://demo.testfire.net/index.jsp?content=inside_press.htm,200,OK,264,9119,,false,"Form, Comment"
71,Proxy,Fri Sep 25 11:51:49 EDT 2026,GET,http://demo.testfire.net/index.jsp?content=inside_careers.htm,200,OK,255,8170,,false,"Form, Comment"
